{
  "patientIdentifiers":{
    "patient1":{
      "nhsNumner": "0123456789",
      "patientName": "Baker,  Kevin Nataliya",
      "patientReport": "Plain (CR)",
      "patientReportTime": "29-Jan-2021 19:32",
      "patientReportMRI": "MRI",
      "patientReportTimeMRI": "30-Oct-2020 15:02",
      "patientReport843": "XR Orthopantomogram full",
      "patientReportTime843": "19:32",
      "patientReport845": "CT Scan",
      "patientReportTime845": "28-Aug-2020 20:25",
      "patientReport845_2": "CT Scan",
      "patientReportTime845_2": "01-Mar-2020 12:42",
      "patientReport856": "MRI",
      "patientReportTime856": "04-Mar-2020 15:57",
      "patientReport857": "CT Scan",
      "patientReportTime857": "01-Mar-2020 12:42",
      "patientReportPerformedTime857": "01-Mar-2020 07:42",
      "patientReport857_2": "MRI",
      "patientReportTime857_2": "04-Mar-2020 16:28",
      "patientReportPerformedTime857_2": "04-Mar-2020 11:28",
      "patientReport858": "CT Scan",
      "patientReportTime858": "25-Feb-2021 22:04",
      "patientReport860": "CT Scan",
      "patientReportTime860": "18-May-2020 11:59",
      "patientReport861": "Plain (CR)",
      "patientReportTime861": "19-Jun-2020 14:39",
      "patientReport865": "CT Scan",
      "patientReportTime865": "22-Dec-2020 17:13",
      "patientReport870": "Plain (CR)",
      "patientReportTime870": "29-Jan-2021 19:32",
      "patientReport871": "CT Scan",
      "patientReportTime871": "25-Feb-2021 16:41"
    },
    "patient2":{
      "nhsNumner": "9999999999",
      "patientName": "Ihringer, Brian Laura",
      "patientReport859": "Ultrasound",
      "patientReportTime859": "16-Jul-2020 18:02"
    }
  },
  "clinicianData": {
    "patientReport": "Plain (CR)",
    "patientReportTime": "02-Mar-2020 20:29"
  }
}
