{
  "xpath": {
    "popoverClinicalIndicatorName": "(//div[@class='tippy-content']/div/div)[1]",
    "popoverClinicalIndicatorValue": "(//div[@class='tippy-content']/div/div)[2]",
    "popoverClinicalIndicatorIcon": "(//div[@class='tippy-content']/div/img)[1]",
    "tableRows": "//div[@class='table-body']//div[contains(@class,'table-row')]",
    "magnifyingGlass": "//div[@class='controls']//div[@class='locked']",
    "forWayIcon": "//div[@class='topo-wrap']/ancestor::div[contains(@class,'dragging')]",
    "translateElement": "//div[@class='topo-wrap']"
  }
}